./preprocessed/prep_data_txt0.npz,./preprocessed/prep_data_wav0.npz
./preprocessed/prep_data_txt1.npz,./preprocessed/prep_data_wav1.npz
./preprocessed/prep_data_txt2.npz,./preprocessed/prep_data_wav2.npz
./preprocessed/prep_data_txt3.npz,./preprocessed/prep_data_wav3.npz
./preprocessed/prep_data_txt4.npz,./preprocessed/prep_data_wav4.npz
./preprocessed/prep_data_txt5.npz,./preprocessed/prep_data_wav5.npz
./preprocessed/prep_data_txt6.npz,./preprocessed/prep_data_wav6.npz
./preprocessed/prep_data_txt7.npz,./preprocessed/prep_data_wav7.npz
./preprocessed/prep_data_txt8.npz,./preprocessed/prep_data_wav8.npz
./preprocessed/prep_data_txt9.npz,./preprocessed/prep_data_wav9.npz
./preprocessed/prep_data_txt10.npz,./preprocessed/prep_data_wav10.npz
./preprocessed/prep_data_txt11.npz,./preprocessed/prep_data_wav11.npz
./preprocessed/prep_data_txt12.npz,./preprocessed/prep_data_wav12.npz
./preprocessed/prep_data_txt13.npz,./preprocessed/prep_data_wav13.npz
./preprocessed/prep_data_txt14.npz,./preprocessed/prep_data_wav14.npz
./preprocessed/prep_data_txt15.npz,./preprocessed/prep_data_wav15.npz
./preprocessed/prep_data_txt16.npz,./preprocessed/prep_data_wav16.npz
./preprocessed/prep_data_txt17.npz,./preprocessed/prep_data_wav17.npz
./preprocessed/prep_data_txt18.npz,./preprocessed/prep_data_wav18.npz
./preprocessed/prep_data_txt19.npz,./preprocessed/prep_data_wav19.npz
./preprocessed/prep_data_txt20.npz,./preprocessed/prep_data_wav20.npz
./preprocessed/prep_data_txt21.npz,./preprocessed/prep_data_wav21.npz
./preprocessed/prep_data_txt22.npz,./preprocessed/prep_data_wav22.npz
./preprocessed/prep_data_txt23.npz,./preprocessed/prep_data_wav23.npz
./preprocessed/prep_data_txt24.npz,./preprocessed/prep_data_wav24.npz
./preprocessed/prep_data_txt25.npz,./preprocessed/prep_data_wav25.npz
./preprocessed/prep_data_txt26.npz,./preprocessed/prep_data_wav26.npz
./preprocessed/prep_data_txt27.npz,./preprocessed/prep_data_wav27.npz
./preprocessed/prep_data_txt28.npz,./preprocessed/prep_data_wav28.npz
./preprocessed/prep_data_txt29.npz,./preprocessed/prep_data_wav29.npz
./preprocessed/prep_data_txt30.npz,./preprocessed/prep_data_wav30.npz
./preprocessed/prep_data_txt31.npz,./preprocessed/prep_data_wav31.npz
./preprocessed/prep_data_txt32.npz,./preprocessed/prep_data_wav32.npz
./preprocessed/prep_data_txt33.npz,./preprocessed/prep_data_wav33.npz
./preprocessed/prep_data_txt34.npz,./preprocessed/prep_data_wav34.npz
./preprocessed/prep_data_txt35.npz,./preprocessed/prep_data_wav35.npz
./preprocessed/prep_data_txt36.npz,./preprocessed/prep_data_wav36.npz
./preprocessed/prep_data_txt37.npz,./preprocessed/prep_data_wav37.npz
./preprocessed/prep_data_txt38.npz,./preprocessed/prep_data_wav38.npz
./preprocessed/prep_data_txt39.npz,./preprocessed/prep_data_wav39.npz
./preprocessed/prep_data_txt40.npz,./preprocessed/prep_data_wav40.npz
./preprocessed/prep_data_txt41.npz,./preprocessed/prep_data_wav41.npz
./preprocessed/prep_data_txt42.npz,./preprocessed/prep_data_wav42.npz
./preprocessed/prep_data_txt43.npz,./preprocessed/prep_data_wav43.npz
./preprocessed/prep_data_txt44.npz,./preprocessed/prep_data_wav44.npz
./preprocessed/prep_data_txt45.npz,./preprocessed/prep_data_wav45.npz
./preprocessed/prep_data_txt46.npz,./preprocessed/prep_data_wav46.npz
./preprocessed/prep_data_txt47.npz,./preprocessed/prep_data_wav47.npz
./preprocessed/prep_data_txt48.npz,./preprocessed/prep_data_wav48.npz
./preprocessed/prep_data_txt49.npz,./preprocessed/prep_data_wav49.npz
./preprocessed/prep_data_txt50.npz,./preprocessed/prep_data_wav50.npz
./preprocessed/prep_data_txt51.npz,./preprocessed/prep_data_wav51.npz
./preprocessed/prep_data_txt52.npz,./preprocessed/prep_data_wav52.npz
./preprocessed/prep_data_txt53.npz,./preprocessed/prep_data_wav53.npz
./preprocessed/prep_data_txt54.npz,./preprocessed/prep_data_wav54.npz
./preprocessed/prep_data_txt55.npz,./preprocessed/prep_data_wav55.npz
./preprocessed/prep_data_txt56.npz,./preprocessed/prep_data_wav56.npz
./preprocessed/prep_data_txt57.npz,./preprocessed/prep_data_wav57.npz
./preprocessed/prep_data_txt58.npz,./preprocessed/prep_data_wav58.npz
./preprocessed/prep_data_txt59.npz,./preprocessed/prep_data_wav59.npz
./preprocessed/prep_data_txt60.npz,./preprocessed/prep_data_wav60.npz
./preprocessed/prep_data_txt61.npz,./preprocessed/prep_data_wav61.npz
./preprocessed/prep_data_txt62.npz,./preprocessed/prep_data_wav62.npz
./preprocessed/prep_data_txt63.npz,./preprocessed/prep_data_wav63.npz
./preprocessed/prep_data_txt64.npz,./preprocessed/prep_data_wav64.npz
./preprocessed/prep_data_txt65.npz,./preprocessed/prep_data_wav65.npz
./preprocessed/prep_data_txt66.npz,./preprocessed/prep_data_wav66.npz
./preprocessed/prep_data_txt67.npz,./preprocessed/prep_data_wav67.npz
./preprocessed/prep_data_txt68.npz,./preprocessed/prep_data_wav68.npz
./preprocessed/prep_data_txt69.npz,./preprocessed/prep_data_wav69.npz
./preprocessed/prep_data_txt70.npz,./preprocessed/prep_data_wav70.npz
./preprocessed/prep_data_txt71.npz,./preprocessed/prep_data_wav71.npz
./preprocessed/prep_data_txt72.npz,./preprocessed/prep_data_wav72.npz
./preprocessed/prep_data_txt73.npz,./preprocessed/prep_data_wav73.npz
./preprocessed/prep_data_txt74.npz,./preprocessed/prep_data_wav74.npz
./preprocessed/prep_data_txt75.npz,./preprocessed/prep_data_wav75.npz
./preprocessed/prep_data_txt76.npz,./preprocessed/prep_data_wav76.npz
./preprocessed/prep_data_txt77.npz,./preprocessed/prep_data_wav77.npz
./preprocessed/prep_data_txt78.npz,./preprocessed/prep_data_wav78.npz
./preprocessed/prep_data_txt79.npz,./preprocessed/prep_data_wav79.npz
./preprocessed/prep_data_txt80.npz,./preprocessed/prep_data_wav80.npz
./preprocessed/prep_data_txt81.npz,./preprocessed/prep_data_wav81.npz
./preprocessed/prep_data_txt82.npz,./preprocessed/prep_data_wav82.npz
./preprocessed/prep_data_txt83.npz,./preprocessed/prep_data_wav83.npz
./preprocessed/prep_data_txt84.npz,./preprocessed/prep_data_wav84.npz
./preprocessed/prep_data_txt85.npz,./preprocessed/prep_data_wav85.npz
./preprocessed/prep_data_txt86.npz,./preprocessed/prep_data_wav86.npz
./preprocessed/prep_data_txt87.npz,./preprocessed/prep_data_wav87.npz
./preprocessed/prep_data_txt88.npz,./preprocessed/prep_data_wav88.npz
./preprocessed/prep_data_txt89.npz,./preprocessed/prep_data_wav89.npz
./preprocessed/prep_data_txt90.npz,./preprocessed/prep_data_wav90.npz
./preprocessed/prep_data_txt91.npz,./preprocessed/prep_data_wav91.npz
./preprocessed/prep_data_txt92.npz,./preprocessed/prep_data_wav92.npz
./preprocessed/prep_data_txt93.npz,./preprocessed/prep_data_wav93.npz
./preprocessed/prep_data_txt94.npz,./preprocessed/prep_data_wav94.npz
./preprocessed/prep_data_txt95.npz,./preprocessed/prep_data_wav95.npz
./preprocessed/prep_data_txt96.npz,./preprocessed/prep_data_wav96.npz
./preprocessed/prep_data_txt97.npz,./preprocessed/prep_data_wav97.npz
./preprocessed/prep_data_txt98.npz,./preprocessed/prep_data_wav98.npz
./preprocessed/prep_data_txt99.npz,./preprocessed/prep_data_wav99.npz
./preprocessed/prep_data_txt100.npz,./preprocessed/prep_data_wav100.npz
./preprocessed/prep_data_txt101.npz,./preprocessed/prep_data_wav101.npz
./preprocessed/prep_data_txt102.npz,./preprocessed/prep_data_wav102.npz
./preprocessed/prep_data_txt103.npz,./preprocessed/prep_data_wav103.npz
./preprocessed/prep_data_txt104.npz,./preprocessed/prep_data_wav104.npz
./preprocessed/prep_data_txt105.npz,./preprocessed/prep_data_wav105.npz
./preprocessed/prep_data_txt106.npz,./preprocessed/prep_data_wav106.npz
./preprocessed/prep_data_txt107.npz,./preprocessed/prep_data_wav107.npz
./preprocessed/prep_data_txt108.npz,./preprocessed/prep_data_wav108.npz
./preprocessed/prep_data_txt109.npz,./preprocessed/prep_data_wav109.npz
./preprocessed/prep_data_txt110.npz,./preprocessed/prep_data_wav110.npz
./preprocessed/prep_data_txt111.npz,./preprocessed/prep_data_wav111.npz
./preprocessed/prep_data_txt112.npz,./preprocessed/prep_data_wav112.npz
./preprocessed/prep_data_txt113.npz,./preprocessed/prep_data_wav113.npz
./preprocessed/prep_data_txt114.npz,./preprocessed/prep_data_wav114.npz
./preprocessed/prep_data_txt115.npz,./preprocessed/prep_data_wav115.npz
./preprocessed/prep_data_txt116.npz,./preprocessed/prep_data_wav116.npz
./preprocessed/prep_data_txt117.npz,./preprocessed/prep_data_wav117.npz
./preprocessed/prep_data_txt118.npz,./preprocessed/prep_data_wav118.npz
./preprocessed/prep_data_txt119.npz,./preprocessed/prep_data_wav119.npz
./preprocessed/prep_data_txt120.npz,./preprocessed/prep_data_wav120.npz
./preprocessed/prep_data_txt121.npz,./preprocessed/prep_data_wav121.npz
./preprocessed/prep_data_txt122.npz,./preprocessed/prep_data_wav122.npz
./preprocessed/prep_data_txt123.npz,./preprocessed/prep_data_wav123.npz
./preprocessed/prep_data_txt124.npz,./preprocessed/prep_data_wav124.npz
./preprocessed/prep_data_txt125.npz,./preprocessed/prep_data_wav125.npz
./preprocessed/prep_data_txt126.npz,./preprocessed/prep_data_wav126.npz
./preprocessed/prep_data_txt127.npz,./preprocessed/prep_data_wav127.npz
./preprocessed/prep_data_txt128.npz,./preprocessed/prep_data_wav128.npz
./preprocessed/prep_data_txt129.npz,./preprocessed/prep_data_wav129.npz
./preprocessed/prep_data_txt130.npz,./preprocessed/prep_data_wav130.npz
./preprocessed/prep_data_txt131.npz,./preprocessed/prep_data_wav131.npz
./preprocessed/prep_data_txt132.npz,./preprocessed/prep_data_wav132.npz
./preprocessed/prep_data_txt133.npz,./preprocessed/prep_data_wav133.npz
./preprocessed/prep_data_txt134.npz,./preprocessed/prep_data_wav134.npz
./preprocessed/prep_data_txt135.npz,./preprocessed/prep_data_wav135.npz
./preprocessed/prep_data_txt136.npz,./preprocessed/prep_data_wav136.npz
./preprocessed/prep_data_txt137.npz,./preprocessed/prep_data_wav137.npz
./preprocessed/prep_data_txt138.npz,./preprocessed/prep_data_wav138.npz
./preprocessed/prep_data_txt139.npz,./preprocessed/prep_data_wav139.npz
./preprocessed/prep_data_txt140.npz,./preprocessed/prep_data_wav140.npz
./preprocessed/prep_data_txt141.npz,./preprocessed/prep_data_wav141.npz
./preprocessed/prep_data_txt142.npz,./preprocessed/prep_data_wav142.npz
./preprocessed/prep_data_txt143.npz,./preprocessed/prep_data_wav143.npz
./preprocessed/prep_data_txt144.npz,./preprocessed/prep_data_wav144.npz
./preprocessed/prep_data_txt145.npz,./preprocessed/prep_data_wav145.npz
./preprocessed/prep_data_txt146.npz,./preprocessed/prep_data_wav146.npz
./preprocessed/prep_data_txt147.npz,./preprocessed/prep_data_wav147.npz
./preprocessed/prep_data_txt148.npz,./preprocessed/prep_data_wav148.npz
./preprocessed/prep_data_txt149.npz,./preprocessed/prep_data_wav149.npz
./preprocessed/prep_data_txt150.npz,./preprocessed/prep_data_wav150.npz
./preprocessed/prep_data_txt151.npz,./preprocessed/prep_data_wav151.npz
./preprocessed/prep_data_txt152.npz,./preprocessed/prep_data_wav152.npz
./preprocessed/prep_data_txt153.npz,./preprocessed/prep_data_wav153.npz
./preprocessed/prep_data_txt154.npz,./preprocessed/prep_data_wav154.npz
./preprocessed/prep_data_txt155.npz,./preprocessed/prep_data_wav155.npz
./preprocessed/prep_data_txt156.npz,./preprocessed/prep_data_wav156.npz
./preprocessed/prep_data_txt157.npz,./preprocessed/prep_data_wav157.npz
./preprocessed/prep_data_txt158.npz,./preprocessed/prep_data_wav158.npz
./preprocessed/prep_data_txt159.npz,./preprocessed/prep_data_wav159.npz
./preprocessed/prep_data_txt160.npz,./preprocessed/prep_data_wav160.npz
./preprocessed/prep_data_txt161.npz,./preprocessed/prep_data_wav161.npz
./preprocessed/prep_data_txt162.npz,./preprocessed/prep_data_wav162.npz
./preprocessed/prep_data_txt163.npz,./preprocessed/prep_data_wav163.npz
./preprocessed/prep_data_txt164.npz,./preprocessed/prep_data_wav164.npz
./preprocessed/prep_data_txt165.npz,./preprocessed/prep_data_wav165.npz
./preprocessed/prep_data_txt166.npz,./preprocessed/prep_data_wav166.npz
./preprocessed/prep_data_txt167.npz,./preprocessed/prep_data_wav167.npz
./preprocessed/prep_data_txt168.npz,./preprocessed/prep_data_wav168.npz
./preprocessed/prep_data_txt169.npz,./preprocessed/prep_data_wav169.npz
./preprocessed/prep_data_txt170.npz,./preprocessed/prep_data_wav170.npz
./preprocessed/prep_data_txt171.npz,./preprocessed/prep_data_wav171.npz
./preprocessed/prep_data_txt172.npz,./preprocessed/prep_data_wav172.npz
./preprocessed/prep_data_txt173.npz,./preprocessed/prep_data_wav173.npz
./preprocessed/prep_data_txt174.npz,./preprocessed/prep_data_wav174.npz
./preprocessed/prep_data_txt175.npz,./preprocessed/prep_data_wav175.npz
./preprocessed/prep_data_txt176.npz,./preprocessed/prep_data_wav176.npz
./preprocessed/prep_data_txt177.npz,./preprocessed/prep_data_wav177.npz
./preprocessed/prep_data_txt178.npz,./preprocessed/prep_data_wav178.npz
./preprocessed/prep_data_txt179.npz,./preprocessed/prep_data_wav179.npz
./preprocessed/prep_data_txt180.npz,./preprocessed/prep_data_wav180.npz
./preprocessed/prep_data_txt181.npz,./preprocessed/prep_data_wav181.npz
./preprocessed/prep_data_txt182.npz,./preprocessed/prep_data_wav182.npz
./preprocessed/prep_data_txt183.npz,./preprocessed/prep_data_wav183.npz
./preprocessed/prep_data_txt184.npz,./preprocessed/prep_data_wav184.npz
./preprocessed/prep_data_txt185.npz,./preprocessed/prep_data_wav185.npz
./preprocessed/prep_data_txt186.npz,./preprocessed/prep_data_wav186.npz
./preprocessed/prep_data_txt187.npz,./preprocessed/prep_data_wav187.npz
./preprocessed/prep_data_txt188.npz,./preprocessed/prep_data_wav188.npz
./preprocessed/prep_data_txt189.npz,./preprocessed/prep_data_wav189.npz
./preprocessed/prep_data_txt190.npz,./preprocessed/prep_data_wav190.npz
./preprocessed/prep_data_txt191.npz,./preprocessed/prep_data_wav191.npz
./preprocessed/prep_data_txt192.npz,./preprocessed/prep_data_wav192.npz
./preprocessed/prep_data_txt193.npz,./preprocessed/prep_data_wav193.npz
./preprocessed/prep_data_txt194.npz,./preprocessed/prep_data_wav194.npz
./preprocessed/prep_data_txt195.npz,./preprocessed/prep_data_wav195.npz
./preprocessed/prep_data_txt196.npz,./preprocessed/prep_data_wav196.npz
./preprocessed/prep_data_txt197.npz,./preprocessed/prep_data_wav197.npz
./preprocessed/prep_data_txt198.npz,./preprocessed/prep_data_wav198.npz
./preprocessed/prep_data_txt199.npz,./preprocessed/prep_data_wav199.npz
./preprocessed/prep_data_txt200.npz,./preprocessed/prep_data_wav200.npz
./preprocessed/prep_data_txt201.npz,./preprocessed/prep_data_wav201.npz
./preprocessed/prep_data_txt202.npz,./preprocessed/prep_data_wav202.npz
./preprocessed/prep_data_txt203.npz,./preprocessed/prep_data_wav203.npz
./preprocessed/prep_data_txt204.npz,./preprocessed/prep_data_wav204.npz
./preprocessed/prep_data_txt205.npz,./preprocessed/prep_data_wav205.npz
./preprocessed/prep_data_txt206.npz,./preprocessed/prep_data_wav206.npz
./preprocessed/prep_data_txt207.npz,./preprocessed/prep_data_wav207.npz
./preprocessed/prep_data_txt208.npz,./preprocessed/prep_data_wav208.npz
./preprocessed/prep_data_txt209.npz,./preprocessed/prep_data_wav209.npz
./preprocessed/prep_data_txt210.npz,./preprocessed/prep_data_wav210.npz
./preprocessed/prep_data_txt211.npz,./preprocessed/prep_data_wav211.npz
./preprocessed/prep_data_txt212.npz,./preprocessed/prep_data_wav212.npz
./preprocessed/prep_data_txt213.npz,./preprocessed/prep_data_wav213.npz
./preprocessed/prep_data_txt214.npz,./preprocessed/prep_data_wav214.npz
./preprocessed/prep_data_txt215.npz,./preprocessed/prep_data_wav215.npz
./preprocessed/prep_data_txt216.npz,./preprocessed/prep_data_wav216.npz
./preprocessed/prep_data_txt217.npz,./preprocessed/prep_data_wav217.npz
./preprocessed/prep_data_txt218.npz,./preprocessed/prep_data_wav218.npz
./preprocessed/prep_data_txt219.npz,./preprocessed/prep_data_wav219.npz
./preprocessed/prep_data_txt220.npz,./preprocessed/prep_data_wav220.npz
./preprocessed/prep_data_txt221.npz,./preprocessed/prep_data_wav221.npz
./preprocessed/prep_data_txt222.npz,./preprocessed/prep_data_wav222.npz
./preprocessed/prep_data_txt223.npz,./preprocessed/prep_data_wav223.npz
./preprocessed/prep_data_txt224.npz,./preprocessed/prep_data_wav224.npz
./preprocessed/prep_data_txt225.npz,./preprocessed/prep_data_wav225.npz
./preprocessed/prep_data_txt226.npz,./preprocessed/prep_data_wav226.npz
./preprocessed/prep_data_txt227.npz,./preprocessed/prep_data_wav227.npz
./preprocessed/prep_data_txt228.npz,./preprocessed/prep_data_wav228.npz
./preprocessed/prep_data_txt229.npz,./preprocessed/prep_data_wav229.npz
./preprocessed/prep_data_txt230.npz,./preprocessed/prep_data_wav230.npz
./preprocessed/prep_data_txt231.npz,./preprocessed/prep_data_wav231.npz
./preprocessed/prep_data_txt232.npz,./preprocessed/prep_data_wav232.npz
./preprocessed/prep_data_txt233.npz,./preprocessed/prep_data_wav233.npz
./preprocessed/prep_data_txt234.npz,./preprocessed/prep_data_wav234.npz
./preprocessed/prep_data_txt235.npz,./preprocessed/prep_data_wav235.npz
./preprocessed/prep_data_txt236.npz,./preprocessed/prep_data_wav236.npz
./preprocessed/prep_data_txt237.npz,./preprocessed/prep_data_wav237.npz
./preprocessed/prep_data_txt238.npz,./preprocessed/prep_data_wav238.npz
./preprocessed/prep_data_txt239.npz,./preprocessed/prep_data_wav239.npz
./preprocessed/prep_data_txt240.npz,./preprocessed/prep_data_wav240.npz
./preprocessed/prep_data_txt241.npz,./preprocessed/prep_data_wav241.npz
./preprocessed/prep_data_txt242.npz,./preprocessed/prep_data_wav242.npz
./preprocessed/prep_data_txt243.npz,./preprocessed/prep_data_wav243.npz
./preprocessed/prep_data_txt244.npz,./preprocessed/prep_data_wav244.npz
./preprocessed/prep_data_txt245.npz,./preprocessed/prep_data_wav245.npz
./preprocessed/prep_data_txt246.npz,./preprocessed/prep_data_wav246.npz
./preprocessed/prep_data_txt247.npz,./preprocessed/prep_data_wav247.npz
./preprocessed/prep_data_txt248.npz,./preprocessed/prep_data_wav248.npz
./preprocessed/prep_data_txt249.npz,./preprocessed/prep_data_wav249.npz
./preprocessed/prep_data_txt250.npz,./preprocessed/prep_data_wav250.npz
./preprocessed/prep_data_txt251.npz,./preprocessed/prep_data_wav251.npz
./preprocessed/prep_data_txt252.npz,./preprocessed/prep_data_wav252.npz
./preprocessed/prep_data_txt253.npz,./preprocessed/prep_data_wav253.npz
./preprocessed/prep_data_txt254.npz,./preprocessed/prep_data_wav254.npz
./preprocessed/prep_data_txt255.npz,./preprocessed/prep_data_wav255.npz
./preprocessed/prep_data_txt256.npz,./preprocessed/prep_data_wav256.npz
./preprocessed/prep_data_txt257.npz,./preprocessed/prep_data_wav257.npz
./preprocessed/prep_data_txt258.npz,./preprocessed/prep_data_wav258.npz
./preprocessed/prep_data_txt259.npz,./preprocessed/prep_data_wav259.npz
./preprocessed/prep_data_txt260.npz,./preprocessed/prep_data_wav260.npz
./preprocessed/prep_data_txt261.npz,./preprocessed/prep_data_wav261.npz
./preprocessed/prep_data_txt262.npz,./preprocessed/prep_data_wav262.npz
./preprocessed/prep_data_txt263.npz,./preprocessed/prep_data_wav263.npz
./preprocessed/prep_data_txt264.npz,./preprocessed/prep_data_wav264.npz
./preprocessed/prep_data_txt265.npz,./preprocessed/prep_data_wav265.npz
./preprocessed/prep_data_txt266.npz,./preprocessed/prep_data_wav266.npz
./preprocessed/prep_data_txt267.npz,./preprocessed/prep_data_wav267.npz
./preprocessed/prep_data_txt268.npz,./preprocessed/prep_data_wav268.npz
./preprocessed/prep_data_txt269.npz,./preprocessed/prep_data_wav269.npz
./preprocessed/prep_data_txt270.npz,./preprocessed/prep_data_wav270.npz
./preprocessed/prep_data_txt271.npz,./preprocessed/prep_data_wav271.npz
./preprocessed/prep_data_txt272.npz,./preprocessed/prep_data_wav272.npz
./preprocessed/prep_data_txt273.npz,./preprocessed/prep_data_wav273.npz
./preprocessed/prep_data_txt274.npz,./preprocessed/prep_data_wav274.npz
./preprocessed/prep_data_txt275.npz,./preprocessed/prep_data_wav275.npz
./preprocessed/prep_data_txt276.npz,./preprocessed/prep_data_wav276.npz
./preprocessed/prep_data_txt277.npz,./preprocessed/prep_data_wav277.npz
./preprocessed/prep_data_txt278.npz,./preprocessed/prep_data_wav278.npz
./preprocessed/prep_data_txt279.npz,./preprocessed/prep_data_wav279.npz
./preprocessed/prep_data_txt280.npz,./preprocessed/prep_data_wav280.npz
./preprocessed/prep_data_txt281.npz,./preprocessed/prep_data_wav281.npz
./preprocessed/prep_data_txt282.npz,./preprocessed/prep_data_wav282.npz
./preprocessed/prep_data_txt283.npz,./preprocessed/prep_data_wav283.npz
./preprocessed/prep_data_txt284.npz,./preprocessed/prep_data_wav284.npz
./preprocessed/prep_data_txt285.npz,./preprocessed/prep_data_wav285.npz
./preprocessed/prep_data_txt286.npz,./preprocessed/prep_data_wav286.npz
./preprocessed/prep_data_txt287.npz,./preprocessed/prep_data_wav287.npz
./preprocessed/prep_data_txt288.npz,./preprocessed/prep_data_wav288.npz
./preprocessed/prep_data_txt289.npz,./preprocessed/prep_data_wav289.npz
./preprocessed/prep_data_txt290.npz,./preprocessed/prep_data_wav290.npz
./preprocessed/prep_data_txt291.npz,./preprocessed/prep_data_wav291.npz
./preprocessed/prep_data_txt292.npz,./preprocessed/prep_data_wav292.npz
./preprocessed/prep_data_txt293.npz,./preprocessed/prep_data_wav293.npz
./preprocessed/prep_data_txt294.npz,./preprocessed/prep_data_wav294.npz
./preprocessed/prep_data_txt295.npz,./preprocessed/prep_data_wav295.npz
./preprocessed/prep_data_txt296.npz,./preprocessed/prep_data_wav296.npz
./preprocessed/prep_data_txt297.npz,./preprocessed/prep_data_wav297.npz
./preprocessed/prep_data_txt298.npz,./preprocessed/prep_data_wav298.npz
./preprocessed/prep_data_txt299.npz,./preprocessed/prep_data_wav299.npz
./preprocessed/prep_data_txt300.npz,./preprocessed/prep_data_wav300.npz
./preprocessed/prep_data_txt301.npz,./preprocessed/prep_data_wav301.npz
./preprocessed/prep_data_txt302.npz,./preprocessed/prep_data_wav302.npz
./preprocessed/prep_data_txt303.npz,./preprocessed/prep_data_wav303.npz
./preprocessed/prep_data_txt304.npz,./preprocessed/prep_data_wav304.npz
./preprocessed/prep_data_txt305.npz,./preprocessed/prep_data_wav305.npz
./preprocessed/prep_data_txt306.npz,./preprocessed/prep_data_wav306.npz
./preprocessed/prep_data_txt307.npz,./preprocessed/prep_data_wav307.npz
./preprocessed/prep_data_txt308.npz,./preprocessed/prep_data_wav308.npz
./preprocessed/prep_data_txt309.npz,./preprocessed/prep_data_wav309.npz
./preprocessed/prep_data_txt310.npz,./preprocessed/prep_data_wav310.npz
./preprocessed/prep_data_txt311.npz,./preprocessed/prep_data_wav311.npz
./preprocessed/prep_data_txt312.npz,./preprocessed/prep_data_wav312.npz
./preprocessed/prep_data_txt313.npz,./preprocessed/prep_data_wav313.npz
./preprocessed/prep_data_txt314.npz,./preprocessed/prep_data_wav314.npz
./preprocessed/prep_data_txt315.npz,./preprocessed/prep_data_wav315.npz
./preprocessed/prep_data_txt316.npz,./preprocessed/prep_data_wav316.npz
./preprocessed/prep_data_txt317.npz,./preprocessed/prep_data_wav317.npz
./preprocessed/prep_data_txt318.npz,./preprocessed/prep_data_wav318.npz
./preprocessed/prep_data_txt319.npz,./preprocessed/prep_data_wav319.npz
./preprocessed/prep_data_txt320.npz,./preprocessed/prep_data_wav320.npz
./preprocessed/prep_data_txt321.npz,./preprocessed/prep_data_wav321.npz
./preprocessed/prep_data_txt322.npz,./preprocessed/prep_data_wav322.npz
./preprocessed/prep_data_txt323.npz,./preprocessed/prep_data_wav323.npz
./preprocessed/prep_data_txt324.npz,./preprocessed/prep_data_wav324.npz
./preprocessed/prep_data_txt325.npz,./preprocessed/prep_data_wav325.npz
./preprocessed/prep_data_txt326.npz,./preprocessed/prep_data_wav326.npz
./preprocessed/prep_data_txt327.npz,./preprocessed/prep_data_wav327.npz
./preprocessed/prep_data_txt328.npz,./preprocessed/prep_data_wav328.npz
./preprocessed/prep_data_txt329.npz,./preprocessed/prep_data_wav329.npz
./preprocessed/prep_data_txt330.npz,./preprocessed/prep_data_wav330.npz
./preprocessed/prep_data_txt331.npz,./preprocessed/prep_data_wav331.npz
./preprocessed/prep_data_txt332.npz,./preprocessed/prep_data_wav332.npz
./preprocessed/prep_data_txt333.npz,./preprocessed/prep_data_wav333.npz
./preprocessed/prep_data_txt334.npz,./preprocessed/prep_data_wav334.npz
./preprocessed/prep_data_txt335.npz,./preprocessed/prep_data_wav335.npz
./preprocessed/prep_data_txt336.npz,./preprocessed/prep_data_wav336.npz
./preprocessed/prep_data_txt337.npz,./preprocessed/prep_data_wav337.npz
./preprocessed/prep_data_txt338.npz,./preprocessed/prep_data_wav338.npz
./preprocessed/prep_data_txt339.npz,./preprocessed/prep_data_wav339.npz
./preprocessed/prep_data_txt340.npz,./preprocessed/prep_data_wav340.npz
./preprocessed/prep_data_txt341.npz,./preprocessed/prep_data_wav341.npz
./preprocessed/prep_data_txt342.npz,./preprocessed/prep_data_wav342.npz
./preprocessed/prep_data_txt343.npz,./preprocessed/prep_data_wav343.npz
./preprocessed/prep_data_txt344.npz,./preprocessed/prep_data_wav344.npz
./preprocessed/prep_data_txt345.npz,./preprocessed/prep_data_wav345.npz
./preprocessed/prep_data_txt346.npz,./preprocessed/prep_data_wav346.npz
./preprocessed/prep_data_txt347.npz,./preprocessed/prep_data_wav347.npz
./preprocessed/prep_data_txt348.npz,./preprocessed/prep_data_wav348.npz
./preprocessed/prep_data_txt349.npz,./preprocessed/prep_data_wav349.npz
./preprocessed/prep_data_txt350.npz,./preprocessed/prep_data_wav350.npz
./preprocessed/prep_data_txt351.npz,./preprocessed/prep_data_wav351.npz
./preprocessed/prep_data_txt352.npz,./preprocessed/prep_data_wav352.npz
./preprocessed/prep_data_txt353.npz,./preprocessed/prep_data_wav353.npz
./preprocessed/prep_data_txt354.npz,./preprocessed/prep_data_wav354.npz
./preprocessed/prep_data_txt355.npz,./preprocessed/prep_data_wav355.npz
./preprocessed/prep_data_txt356.npz,./preprocessed/prep_data_wav356.npz
./preprocessed/prep_data_txt357.npz,./preprocessed/prep_data_wav357.npz
./preprocessed/prep_data_txt358.npz,./preprocessed/prep_data_wav358.npz
./preprocessed/prep_data_txt359.npz,./preprocessed/prep_data_wav359.npz
./preprocessed/prep_data_txt360.npz,./preprocessed/prep_data_wav360.npz
./preprocessed/prep_data_txt361.npz,./preprocessed/prep_data_wav361.npz
./preprocessed/prep_data_txt362.npz,./preprocessed/prep_data_wav362.npz
./preprocessed/prep_data_txt363.npz,./preprocessed/prep_data_wav363.npz
./preprocessed/prep_data_txt364.npz,./preprocessed/prep_data_wav364.npz
./preprocessed/prep_data_txt365.npz,./preprocessed/prep_data_wav365.npz
./preprocessed/prep_data_txt366.npz,./preprocessed/prep_data_wav366.npz
./preprocessed/prep_data_txt367.npz,./preprocessed/prep_data_wav367.npz
./preprocessed/prep_data_txt368.npz,./preprocessed/prep_data_wav368.npz
./preprocessed/prep_data_txt369.npz,./preprocessed/prep_data_wav369.npz
./preprocessed/prep_data_txt370.npz,./preprocessed/prep_data_wav370.npz
./preprocessed/prep_data_txt371.npz,./preprocessed/prep_data_wav371.npz
./preprocessed/prep_data_txt372.npz,./preprocessed/prep_data_wav372.npz
./preprocessed/prep_data_txt373.npz,./preprocessed/prep_data_wav373.npz
./preprocessed/prep_data_txt374.npz,./preprocessed/prep_data_wav374.npz
./preprocessed/prep_data_txt375.npz,./preprocessed/prep_data_wav375.npz
./preprocessed/prep_data_txt376.npz,./preprocessed/prep_data_wav376.npz
./preprocessed/prep_data_txt377.npz,./preprocessed/prep_data_wav377.npz
./preprocessed/prep_data_txt378.npz,./preprocessed/prep_data_wav378.npz
./preprocessed/prep_data_txt379.npz,./preprocessed/prep_data_wav379.npz
./preprocessed/prep_data_txt380.npz,./preprocessed/prep_data_wav380.npz
./preprocessed/prep_data_txt381.npz,./preprocessed/prep_data_wav381.npz
./preprocessed/prep_data_txt382.npz,./preprocessed/prep_data_wav382.npz
./preprocessed/prep_data_txt383.npz,./preprocessed/prep_data_wav383.npz
./preprocessed/prep_data_txt384.npz,./preprocessed/prep_data_wav384.npz
./preprocessed/prep_data_txt385.npz,./preprocessed/prep_data_wav385.npz
./preprocessed/prep_data_txt386.npz,./preprocessed/prep_data_wav386.npz
./preprocessed/prep_data_txt387.npz,./preprocessed/prep_data_wav387.npz
./preprocessed/prep_data_txt388.npz,./preprocessed/prep_data_wav388.npz
./preprocessed/prep_data_txt389.npz,./preprocessed/prep_data_wav389.npz
./preprocessed/prep_data_txt390.npz,./preprocessed/prep_data_wav390.npz
./preprocessed/prep_data_txt391.npz,./preprocessed/prep_data_wav391.npz
./preprocessed/prep_data_txt392.npz,./preprocessed/prep_data_wav392.npz
./preprocessed/prep_data_txt393.npz,./preprocessed/prep_data_wav393.npz
./preprocessed/prep_data_txt394.npz,./preprocessed/prep_data_wav394.npz
./preprocessed/prep_data_txt395.npz,./preprocessed/prep_data_wav395.npz
./preprocessed/prep_data_txt396.npz,./preprocessed/prep_data_wav396.npz
./preprocessed/prep_data_txt397.npz,./preprocessed/prep_data_wav397.npz
./preprocessed/prep_data_txt398.npz,./preprocessed/prep_data_wav398.npz
./preprocessed/prep_data_txt399.npz,./preprocessed/prep_data_wav399.npz
./preprocessed/prep_data_txt400.npz,./preprocessed/prep_data_wav400.npz
./preprocessed/prep_data_txt401.npz,./preprocessed/prep_data_wav401.npz
./preprocessed/prep_data_txt402.npz,./preprocessed/prep_data_wav402.npz
./preprocessed/prep_data_txt403.npz,./preprocessed/prep_data_wav403.npz
./preprocessed/prep_data_txt404.npz,./preprocessed/prep_data_wav404.npz
./preprocessed/prep_data_txt405.npz,./preprocessed/prep_data_wav405.npz
./preprocessed/prep_data_txt406.npz,./preprocessed/prep_data_wav406.npz
./preprocessed/prep_data_txt407.npz,./preprocessed/prep_data_wav407.npz
./preprocessed/prep_data_txt408.npz,./preprocessed/prep_data_wav408.npz
./preprocessed/prep_data_txt409.npz,./preprocessed/prep_data_wav409.npz
./preprocessed/prep_data_txt410.npz,./preprocessed/prep_data_wav410.npz
./preprocessed/prep_data_txt411.npz,./preprocessed/prep_data_wav411.npz
./preprocessed/prep_data_txt412.npz,./preprocessed/prep_data_wav412.npz
./preprocessed/prep_data_txt413.npz,./preprocessed/prep_data_wav413.npz
./preprocessed/prep_data_txt414.npz,./preprocessed/prep_data_wav414.npz
./preprocessed/prep_data_txt415.npz,./preprocessed/prep_data_wav415.npz
./preprocessed/prep_data_txt416.npz,./preprocessed/prep_data_wav416.npz
./preprocessed/prep_data_txt417.npz,./preprocessed/prep_data_wav417.npz
./preprocessed/prep_data_txt418.npz,./preprocessed/prep_data_wav418.npz
./preprocessed/prep_data_txt419.npz,./preprocessed/prep_data_wav419.npz
./preprocessed/prep_data_txt420.npz,./preprocessed/prep_data_wav420.npz
./preprocessed/prep_data_txt421.npz,./preprocessed/prep_data_wav421.npz
./preprocessed/prep_data_txt422.npz,./preprocessed/prep_data_wav422.npz
./preprocessed/prep_data_txt423.npz,./preprocessed/prep_data_wav423.npz
./preprocessed/prep_data_txt424.npz,./preprocessed/prep_data_wav424.npz
./preprocessed/prep_data_txt425.npz,./preprocessed/prep_data_wav425.npz
./preprocessed/prep_data_txt426.npz,./preprocessed/prep_data_wav426.npz
./preprocessed/prep_data_txt427.npz,./preprocessed/prep_data_wav427.npz
./preprocessed/prep_data_txt428.npz,./preprocessed/prep_data_wav428.npz
./preprocessed/prep_data_txt429.npz,./preprocessed/prep_data_wav429.npz
./preprocessed/prep_data_txt430.npz,./preprocessed/prep_data_wav430.npz
./preprocessed/prep_data_txt431.npz,./preprocessed/prep_data_wav431.npz
./preprocessed/prep_data_txt432.npz,./preprocessed/prep_data_wav432.npz
./preprocessed/prep_data_txt433.npz,./preprocessed/prep_data_wav433.npz
./preprocessed/prep_data_txt434.npz,./preprocessed/prep_data_wav434.npz
./preprocessed/prep_data_txt435.npz,./preprocessed/prep_data_wav435.npz
./preprocessed/prep_data_txt436.npz,./preprocessed/prep_data_wav436.npz
./preprocessed/prep_data_txt437.npz,./preprocessed/prep_data_wav437.npz
./preprocessed/prep_data_txt438.npz,./preprocessed/prep_data_wav438.npz
./preprocessed/prep_data_txt439.npz,./preprocessed/prep_data_wav439.npz
./preprocessed/prep_data_txt440.npz,./preprocessed/prep_data_wav440.npz
./preprocessed/prep_data_txt441.npz,./preprocessed/prep_data_wav441.npz
./preprocessed/prep_data_txt442.npz,./preprocessed/prep_data_wav442.npz
./preprocessed/prep_data_txt443.npz,./preprocessed/prep_data_wav443.npz
./preprocessed/prep_data_txt444.npz,./preprocessed/prep_data_wav444.npz
./preprocessed/prep_data_txt445.npz,./preprocessed/prep_data_wav445.npz
./preprocessed/prep_data_txt446.npz,./preprocessed/prep_data_wav446.npz
./preprocessed/prep_data_txt447.npz,./preprocessed/prep_data_wav447.npz
./preprocessed/prep_data_txt448.npz,./preprocessed/prep_data_wav448.npz
./preprocessed/prep_data_txt449.npz,./preprocessed/prep_data_wav449.npz
./preprocessed/prep_data_txt450.npz,./preprocessed/prep_data_wav450.npz
./preprocessed/prep_data_txt451.npz,./preprocessed/prep_data_wav451.npz
./preprocessed/prep_data_txt452.npz,./preprocessed/prep_data_wav452.npz
./preprocessed/prep_data_txt453.npz,./preprocessed/prep_data_wav453.npz
./preprocessed/prep_data_txt454.npz,./preprocessed/prep_data_wav454.npz
./preprocessed/prep_data_txt455.npz,./preprocessed/prep_data_wav455.npz
./preprocessed/prep_data_txt456.npz,./preprocessed/prep_data_wav456.npz
./preprocessed/prep_data_txt457.npz,./preprocessed/prep_data_wav457.npz
./preprocessed/prep_data_txt458.npz,./preprocessed/prep_data_wav458.npz
./preprocessed/prep_data_txt459.npz,./preprocessed/prep_data_wav459.npz
./preprocessed/prep_data_txt460.npz,./preprocessed/prep_data_wav460.npz
./preprocessed/prep_data_txt461.npz,./preprocessed/prep_data_wav461.npz
./preprocessed/prep_data_txt462.npz,./preprocessed/prep_data_wav462.npz
./preprocessed/prep_data_txt463.npz,./preprocessed/prep_data_wav463.npz
./preprocessed/prep_data_txt464.npz,./preprocessed/prep_data_wav464.npz
./preprocessed/prep_data_txt465.npz,./preprocessed/prep_data_wav465.npz
./preprocessed/prep_data_txt466.npz,./preprocessed/prep_data_wav466.npz
./preprocessed/prep_data_txt467.npz,./preprocessed/prep_data_wav467.npz
./preprocessed/prep_data_txt468.npz,./preprocessed/prep_data_wav468.npz
./preprocessed/prep_data_txt469.npz,./preprocessed/prep_data_wav469.npz
./preprocessed/prep_data_txt470.npz,./preprocessed/prep_data_wav470.npz
./preprocessed/prep_data_txt471.npz,./preprocessed/prep_data_wav471.npz
./preprocessed/prep_data_txt472.npz,./preprocessed/prep_data_wav472.npz
./preprocessed/prep_data_txt473.npz,./preprocessed/prep_data_wav473.npz
./preprocessed/prep_data_txt474.npz,./preprocessed/prep_data_wav474.npz
./preprocessed/prep_data_txt475.npz,./preprocessed/prep_data_wav475.npz
./preprocessed/prep_data_txt476.npz,./preprocessed/prep_data_wav476.npz
./preprocessed/prep_data_txt477.npz,./preprocessed/prep_data_wav477.npz
./preprocessed/prep_data_txt478.npz,./preprocessed/prep_data_wav478.npz
./preprocessed/prep_data_txt479.npz,./preprocessed/prep_data_wav479.npz
./preprocessed/prep_data_txt480.npz,./preprocessed/prep_data_wav480.npz
./preprocessed/prep_data_txt481.npz,./preprocessed/prep_data_wav481.npz
./preprocessed/prep_data_txt482.npz,./preprocessed/prep_data_wav482.npz
./preprocessed/prep_data_txt483.npz,./preprocessed/prep_data_wav483.npz
./preprocessed/prep_data_txt484.npz,./preprocessed/prep_data_wav484.npz
./preprocessed/prep_data_txt485.npz,./preprocessed/prep_data_wav485.npz
./preprocessed/prep_data_txt486.npz,./preprocessed/prep_data_wav486.npz
./preprocessed/prep_data_txt487.npz,./preprocessed/prep_data_wav487.npz
./preprocessed/prep_data_txt488.npz,./preprocessed/prep_data_wav488.npz
./preprocessed/prep_data_txt489.npz,./preprocessed/prep_data_wav489.npz
./preprocessed/prep_data_txt490.npz,./preprocessed/prep_data_wav490.npz
./preprocessed/prep_data_txt491.npz,./preprocessed/prep_data_wav491.npz
./preprocessed/prep_data_txt492.npz,./preprocessed/prep_data_wav492.npz
./preprocessed/prep_data_txt493.npz,./preprocessed/prep_data_wav493.npz
./preprocessed/prep_data_txt494.npz,./preprocessed/prep_data_wav494.npz
./preprocessed/prep_data_txt495.npz,./preprocessed/prep_data_wav495.npz
./preprocessed/prep_data_txt496.npz,./preprocessed/prep_data_wav496.npz
./preprocessed/prep_data_txt497.npz,./preprocessed/prep_data_wav497.npz
./preprocessed/prep_data_txt498.npz,./preprocessed/prep_data_wav498.npz
./preprocessed/prep_data_txt499.npz,./preprocessed/prep_data_wav499.npz
./preprocessed/prep_data_txt500.npz,./preprocessed/prep_data_wav500.npz
./preprocessed/prep_data_txt501.npz,./preprocessed/prep_data_wav501.npz
./preprocessed/prep_data_txt502.npz,./preprocessed/prep_data_wav502.npz
./preprocessed/prep_data_txt503.npz,./preprocessed/prep_data_wav503.npz
./preprocessed/prep_data_txt504.npz,./preprocessed/prep_data_wav504.npz
./preprocessed/prep_data_txt505.npz,./preprocessed/prep_data_wav505.npz
./preprocessed/prep_data_txt506.npz,./preprocessed/prep_data_wav506.npz
./preprocessed/prep_data_txt507.npz,./preprocessed/prep_data_wav507.npz
./preprocessed/prep_data_txt508.npz,./preprocessed/prep_data_wav508.npz
./preprocessed/prep_data_txt509.npz,./preprocessed/prep_data_wav509.npz
./preprocessed/prep_data_txt510.npz,./preprocessed/prep_data_wav510.npz
./preprocessed/prep_data_txt511.npz,./preprocessed/prep_data_wav511.npz
./preprocessed/prep_data_txt512.npz,./preprocessed/prep_data_wav512.npz
./preprocessed/prep_data_txt513.npz,./preprocessed/prep_data_wav513.npz
./preprocessed/prep_data_txt514.npz,./preprocessed/prep_data_wav514.npz
./preprocessed/prep_data_txt515.npz,./preprocessed/prep_data_wav515.npz
./preprocessed/prep_data_txt516.npz,./preprocessed/prep_data_wav516.npz
./preprocessed/prep_data_txt517.npz,./preprocessed/prep_data_wav517.npz
./preprocessed/prep_data_txt518.npz,./preprocessed/prep_data_wav518.npz
./preprocessed/prep_data_txt519.npz,./preprocessed/prep_data_wav519.npz
./preprocessed/prep_data_txt520.npz,./preprocessed/prep_data_wav520.npz
./preprocessed/prep_data_txt521.npz,./preprocessed/prep_data_wav521.npz
./preprocessed/prep_data_txt522.npz,./preprocessed/prep_data_wav522.npz
./preprocessed/prep_data_txt523.npz,./preprocessed/prep_data_wav523.npz
./preprocessed/prep_data_txt524.npz,./preprocessed/prep_data_wav524.npz
./preprocessed/prep_data_txt525.npz,./preprocessed/prep_data_wav525.npz
./preprocessed/prep_data_txt526.npz,./preprocessed/prep_data_wav526.npz
./preprocessed/prep_data_txt527.npz,./preprocessed/prep_data_wav527.npz
./preprocessed/prep_data_txt528.npz,./preprocessed/prep_data_wav528.npz
./preprocessed/prep_data_txt529.npz,./preprocessed/prep_data_wav529.npz
./preprocessed/prep_data_txt530.npz,./preprocessed/prep_data_wav530.npz
./preprocessed/prep_data_txt531.npz,./preprocessed/prep_data_wav531.npz
./preprocessed/prep_data_txt532.npz,./preprocessed/prep_data_wav532.npz
./preprocessed/prep_data_txt533.npz,./preprocessed/prep_data_wav533.npz
./preprocessed/prep_data_txt534.npz,./preprocessed/prep_data_wav534.npz
./preprocessed/prep_data_txt535.npz,./preprocessed/prep_data_wav535.npz
./preprocessed/prep_data_txt536.npz,./preprocessed/prep_data_wav536.npz
./preprocessed/prep_data_txt537.npz,./preprocessed/prep_data_wav537.npz
./preprocessed/prep_data_txt538.npz,./preprocessed/prep_data_wav538.npz
./preprocessed/prep_data_txt539.npz,./preprocessed/prep_data_wav539.npz
./preprocessed/prep_data_txt540.npz,./preprocessed/prep_data_wav540.npz
./preprocessed/prep_data_txt541.npz,./preprocessed/prep_data_wav541.npz
./preprocessed/prep_data_txt542.npz,./preprocessed/prep_data_wav542.npz
./preprocessed/prep_data_txt543.npz,./preprocessed/prep_data_wav543.npz
./preprocessed/prep_data_txt544.npz,./preprocessed/prep_data_wav544.npz
./preprocessed/prep_data_txt545.npz,./preprocessed/prep_data_wav545.npz
./preprocessed/prep_data_txt546.npz,./preprocessed/prep_data_wav546.npz
./preprocessed/prep_data_txt547.npz,./preprocessed/prep_data_wav547.npz
./preprocessed/prep_data_txt548.npz,./preprocessed/prep_data_wav548.npz
./preprocessed/prep_data_txt549.npz,./preprocessed/prep_data_wav549.npz
./preprocessed/prep_data_txt550.npz,./preprocessed/prep_data_wav550.npz
./preprocessed/prep_data_txt551.npz,./preprocessed/prep_data_wav551.npz
./preprocessed/prep_data_txt552.npz,./preprocessed/prep_data_wav552.npz
./preprocessed/prep_data_txt553.npz,./preprocessed/prep_data_wav553.npz
./preprocessed/prep_data_txt554.npz,./preprocessed/prep_data_wav554.npz
./preprocessed/prep_data_txt555.npz,./preprocessed/prep_data_wav555.npz
./preprocessed/prep_data_txt556.npz,./preprocessed/prep_data_wav556.npz
./preprocessed/prep_data_txt557.npz,./preprocessed/prep_data_wav557.npz
./preprocessed/prep_data_txt558.npz,./preprocessed/prep_data_wav558.npz
./preprocessed/prep_data_txt559.npz,./preprocessed/prep_data_wav559.npz
./preprocessed/prep_data_txt560.npz,./preprocessed/prep_data_wav560.npz
./preprocessed/prep_data_txt561.npz,./preprocessed/prep_data_wav561.npz
./preprocessed/prep_data_txt562.npz,./preprocessed/prep_data_wav562.npz
./preprocessed/prep_data_txt563.npz,./preprocessed/prep_data_wav563.npz
./preprocessed/prep_data_txt564.npz,./preprocessed/prep_data_wav564.npz
./preprocessed/prep_data_txt565.npz,./preprocessed/prep_data_wav565.npz
./preprocessed/prep_data_txt566.npz,./preprocessed/prep_data_wav566.npz
./preprocessed/prep_data_txt567.npz,./preprocessed/prep_data_wav567.npz
./preprocessed/prep_data_txt568.npz,./preprocessed/prep_data_wav568.npz
./preprocessed/prep_data_txt569.npz,./preprocessed/prep_data_wav569.npz
./preprocessed/prep_data_txt570.npz,./preprocessed/prep_data_wav570.npz
./preprocessed/prep_data_txt571.npz,./preprocessed/prep_data_wav571.npz
./preprocessed/prep_data_txt572.npz,./preprocessed/prep_data_wav572.npz
./preprocessed/prep_data_txt573.npz,./preprocessed/prep_data_wav573.npz
./preprocessed/prep_data_txt574.npz,./preprocessed/prep_data_wav574.npz
./preprocessed/prep_data_txt575.npz,./preprocessed/prep_data_wav575.npz
./preprocessed/prep_data_txt576.npz,./preprocessed/prep_data_wav576.npz
./preprocessed/prep_data_txt577.npz,./preprocessed/prep_data_wav577.npz
./preprocessed/prep_data_txt578.npz,./preprocessed/prep_data_wav578.npz
./preprocessed/prep_data_txt579.npz,./preprocessed/prep_data_wav579.npz
./preprocessed/prep_data_txt580.npz,./preprocessed/prep_data_wav580.npz
./preprocessed/prep_data_txt581.npz,./preprocessed/prep_data_wav581.npz
./preprocessed/prep_data_txt582.npz,./preprocessed/prep_data_wav582.npz
./preprocessed/prep_data_txt583.npz,./preprocessed/prep_data_wav583.npz
./preprocessed/prep_data_txt584.npz,./preprocessed/prep_data_wav584.npz
./preprocessed/prep_data_txt585.npz,./preprocessed/prep_data_wav585.npz
./preprocessed/prep_data_txt586.npz,./preprocessed/prep_data_wav586.npz
./preprocessed/prep_data_txt587.npz,./preprocessed/prep_data_wav587.npz
./preprocessed/prep_data_txt588.npz,./preprocessed/prep_data_wav588.npz
./preprocessed/prep_data_txt589.npz,./preprocessed/prep_data_wav589.npz
./preprocessed/prep_data_txt590.npz,./preprocessed/prep_data_wav590.npz
./preprocessed/prep_data_txt591.npz,./preprocessed/prep_data_wav591.npz
./preprocessed/prep_data_txt592.npz,./preprocessed/prep_data_wav592.npz
./preprocessed/prep_data_txt593.npz,./preprocessed/prep_data_wav593.npz
./preprocessed/prep_data_txt594.npz,./preprocessed/prep_data_wav594.npz
./preprocessed/prep_data_txt595.npz,./preprocessed/prep_data_wav595.npz
./preprocessed/prep_data_txt596.npz,./preprocessed/prep_data_wav596.npz
./preprocessed/prep_data_txt597.npz,./preprocessed/prep_data_wav597.npz
./preprocessed/prep_data_txt598.npz,./preprocessed/prep_data_wav598.npz
./preprocessed/prep_data_txt599.npz,./preprocessed/prep_data_wav599.npz
./preprocessed/prep_data_txt600.npz,./preprocessed/prep_data_wav600.npz
./preprocessed/prep_data_txt601.npz,./preprocessed/prep_data_wav601.npz
./preprocessed/prep_data_txt602.npz,./preprocessed/prep_data_wav602.npz
./preprocessed/prep_data_txt603.npz,./preprocessed/prep_data_wav603.npz
./preprocessed/prep_data_txt604.npz,./preprocessed/prep_data_wav604.npz
./preprocessed/prep_data_txt605.npz,./preprocessed/prep_data_wav605.npz
./preprocessed/prep_data_txt606.npz,./preprocessed/prep_data_wav606.npz
./preprocessed/prep_data_txt607.npz,./preprocessed/prep_data_wav607.npz
./preprocessed/prep_data_txt608.npz,./preprocessed/prep_data_wav608.npz
./preprocessed/prep_data_txt609.npz,./preprocessed/prep_data_wav609.npz
./preprocessed/prep_data_txt610.npz,./preprocessed/prep_data_wav610.npz
./preprocessed/prep_data_txt611.npz,./preprocessed/prep_data_wav611.npz
./preprocessed/prep_data_txt612.npz,./preprocessed/prep_data_wav612.npz
./preprocessed/prep_data_txt613.npz,./preprocessed/prep_data_wav613.npz
./preprocessed/prep_data_txt614.npz,./preprocessed/prep_data_wav614.npz
./preprocessed/prep_data_txt615.npz,./preprocessed/prep_data_wav615.npz
./preprocessed/prep_data_txt616.npz,./preprocessed/prep_data_wav616.npz
./preprocessed/prep_data_txt617.npz,./preprocessed/prep_data_wav617.npz
./preprocessed/prep_data_txt618.npz,./preprocessed/prep_data_wav618.npz
./preprocessed/prep_data_txt619.npz,./preprocessed/prep_data_wav619.npz
./preprocessed/prep_data_txt620.npz,./preprocessed/prep_data_wav620.npz
./preprocessed/prep_data_txt621.npz,./preprocessed/prep_data_wav621.npz
./preprocessed/prep_data_txt622.npz,./preprocessed/prep_data_wav622.npz
./preprocessed/prep_data_txt623.npz,./preprocessed/prep_data_wav623.npz
./preprocessed/prep_data_txt624.npz,./preprocessed/prep_data_wav624.npz
./preprocessed/prep_data_txt625.npz,./preprocessed/prep_data_wav625.npz
./preprocessed/prep_data_txt626.npz,./preprocessed/prep_data_wav626.npz
./preprocessed/prep_data_txt627.npz,./preprocessed/prep_data_wav627.npz
./preprocessed/prep_data_txt628.npz,./preprocessed/prep_data_wav628.npz
./preprocessed/prep_data_txt629.npz,./preprocessed/prep_data_wav629.npz
./preprocessed/prep_data_txt630.npz,./preprocessed/prep_data_wav630.npz
./preprocessed/prep_data_txt631.npz,./preprocessed/prep_data_wav631.npz
./preprocessed/prep_data_txt632.npz,./preprocessed/prep_data_wav632.npz
./preprocessed/prep_data_txt633.npz,./preprocessed/prep_data_wav633.npz
./preprocessed/prep_data_txt634.npz,./preprocessed/prep_data_wav634.npz
./preprocessed/prep_data_txt635.npz,./preprocessed/prep_data_wav635.npz
./preprocessed/prep_data_txt636.npz,./preprocessed/prep_data_wav636.npz
./preprocessed/prep_data_txt637.npz,./preprocessed/prep_data_wav637.npz
./preprocessed/prep_data_txt638.npz,./preprocessed/prep_data_wav638.npz
./preprocessed/prep_data_txt639.npz,./preprocessed/prep_data_wav639.npz
./preprocessed/prep_data_txt640.npz,./preprocessed/prep_data_wav640.npz
./preprocessed/prep_data_txt641.npz,./preprocessed/prep_data_wav641.npz
./preprocessed/prep_data_txt642.npz,./preprocessed/prep_data_wav642.npz
./preprocessed/prep_data_txt643.npz,./preprocessed/prep_data_wav643.npz
./preprocessed/prep_data_txt644.npz,./preprocessed/prep_data_wav644.npz
./preprocessed/prep_data_txt645.npz,./preprocessed/prep_data_wav645.npz
./preprocessed/prep_data_txt646.npz,./preprocessed/prep_data_wav646.npz
./preprocessed/prep_data_txt647.npz,./preprocessed/prep_data_wav647.npz
./preprocessed/prep_data_txt648.npz,./preprocessed/prep_data_wav648.npz
./preprocessed/prep_data_txt649.npz,./preprocessed/prep_data_wav649.npz
./preprocessed/prep_data_txt650.npz,./preprocessed/prep_data_wav650.npz
./preprocessed/prep_data_txt651.npz,./preprocessed/prep_data_wav651.npz
./preprocessed/prep_data_txt652.npz,./preprocessed/prep_data_wav652.npz
./preprocessed/prep_data_txt653.npz,./preprocessed/prep_data_wav653.npz
./preprocessed/prep_data_txt654.npz,./preprocessed/prep_data_wav654.npz
./preprocessed/prep_data_txt655.npz,./preprocessed/prep_data_wav655.npz
./preprocessed/prep_data_txt656.npz,./preprocessed/prep_data_wav656.npz
./preprocessed/prep_data_txt657.npz,./preprocessed/prep_data_wav657.npz
./preprocessed/prep_data_txt658.npz,./preprocessed/prep_data_wav658.npz
./preprocessed/prep_data_txt659.npz,./preprocessed/prep_data_wav659.npz
./preprocessed/prep_data_txt660.npz,./preprocessed/prep_data_wav660.npz
./preprocessed/prep_data_txt661.npz,./preprocessed/prep_data_wav661.npz
./preprocessed/prep_data_txt662.npz,./preprocessed/prep_data_wav662.npz
./preprocessed/prep_data_txt663.npz,./preprocessed/prep_data_wav663.npz
./preprocessed/prep_data_txt664.npz,./preprocessed/prep_data_wav664.npz
./preprocessed/prep_data_txt665.npz,./preprocessed/prep_data_wav665.npz
./preprocessed/prep_data_txt666.npz,./preprocessed/prep_data_wav666.npz
./preprocessed/prep_data_txt667.npz,./preprocessed/prep_data_wav667.npz
./preprocessed/prep_data_txt668.npz,./preprocessed/prep_data_wav668.npz
./preprocessed/prep_data_txt669.npz,./preprocessed/prep_data_wav669.npz
./preprocessed/prep_data_txt670.npz,./preprocessed/prep_data_wav670.npz
./preprocessed/prep_data_txt671.npz,./preprocessed/prep_data_wav671.npz
./preprocessed/prep_data_txt672.npz,./preprocessed/prep_data_wav672.npz
./preprocessed/prep_data_txt673.npz,./preprocessed/prep_data_wav673.npz
./preprocessed/prep_data_txt674.npz,./preprocessed/prep_data_wav674.npz
./preprocessed/prep_data_txt675.npz,./preprocessed/prep_data_wav675.npz
./preprocessed/prep_data_txt676.npz,./preprocessed/prep_data_wav676.npz
./preprocessed/prep_data_txt677.npz,./preprocessed/prep_data_wav677.npz
./preprocessed/prep_data_txt678.npz,./preprocessed/prep_data_wav678.npz
./preprocessed/prep_data_txt679.npz,./preprocessed/prep_data_wav679.npz
./preprocessed/prep_data_txt680.npz,./preprocessed/prep_data_wav680.npz
./preprocessed/prep_data_txt681.npz,./preprocessed/prep_data_wav681.npz
./preprocessed/prep_data_txt682.npz,./preprocessed/prep_data_wav682.npz
./preprocessed/prep_data_txt683.npz,./preprocessed/prep_data_wav683.npz
./preprocessed/prep_data_txt684.npz,./preprocessed/prep_data_wav684.npz
./preprocessed/prep_data_txt685.npz,./preprocessed/prep_data_wav685.npz
./preprocessed/prep_data_txt686.npz,./preprocessed/prep_data_wav686.npz
./preprocessed/prep_data_txt687.npz,./preprocessed/prep_data_wav687.npz
./preprocessed/prep_data_txt688.npz,./preprocessed/prep_data_wav688.npz
./preprocessed/prep_data_txt689.npz,./preprocessed/prep_data_wav689.npz
./preprocessed/prep_data_txt690.npz,./preprocessed/prep_data_wav690.npz
./preprocessed/prep_data_txt691.npz,./preprocessed/prep_data_wav691.npz
./preprocessed/prep_data_txt692.npz,./preprocessed/prep_data_wav692.npz
./preprocessed/prep_data_txt693.npz,./preprocessed/prep_data_wav693.npz
./preprocessed/prep_data_txt694.npz,./preprocessed/prep_data_wav694.npz
./preprocessed/prep_data_txt695.npz,./preprocessed/prep_data_wav695.npz
./preprocessed/prep_data_txt696.npz,./preprocessed/prep_data_wav696.npz
./preprocessed/prep_data_txt697.npz,./preprocessed/prep_data_wav697.npz
./preprocessed/prep_data_txt698.npz,./preprocessed/prep_data_wav698.npz
./preprocessed/prep_data_txt699.npz,./preprocessed/prep_data_wav699.npz
./preprocessed/prep_data_txt700.npz,./preprocessed/prep_data_wav700.npz
./preprocessed/prep_data_txt701.npz,./preprocessed/prep_data_wav701.npz
./preprocessed/prep_data_txt702.npz,./preprocessed/prep_data_wav702.npz
./preprocessed/prep_data_txt703.npz,./preprocessed/prep_data_wav703.npz
./preprocessed/prep_data_txt704.npz,./preprocessed/prep_data_wav704.npz
./preprocessed/prep_data_txt705.npz,./preprocessed/prep_data_wav705.npz
./preprocessed/prep_data_txt706.npz,./preprocessed/prep_data_wav706.npz
./preprocessed/prep_data_txt707.npz,./preprocessed/prep_data_wav707.npz
./preprocessed/prep_data_txt708.npz,./preprocessed/prep_data_wav708.npz
./preprocessed/prep_data_txt709.npz,./preprocessed/prep_data_wav709.npz
./preprocessed/prep_data_txt710.npz,./preprocessed/prep_data_wav710.npz
./preprocessed/prep_data_txt711.npz,./preprocessed/prep_data_wav711.npz
./preprocessed/prep_data_txt712.npz,./preprocessed/prep_data_wav712.npz
./preprocessed/prep_data_txt713.npz,./preprocessed/prep_data_wav713.npz
./preprocessed/prep_data_txt714.npz,./preprocessed/prep_data_wav714.npz
./preprocessed/prep_data_txt715.npz,./preprocessed/prep_data_wav715.npz
./preprocessed/prep_data_txt716.npz,./preprocessed/prep_data_wav716.npz
./preprocessed/prep_data_txt717.npz,./preprocessed/prep_data_wav717.npz
./preprocessed/prep_data_txt718.npz,./preprocessed/prep_data_wav718.npz
./preprocessed/prep_data_txt719.npz,./preprocessed/prep_data_wav719.npz
./preprocessed/prep_data_txt720.npz,./preprocessed/prep_data_wav720.npz
./preprocessed/prep_data_txt721.npz,./preprocessed/prep_data_wav721.npz
./preprocessed/prep_data_txt722.npz,./preprocessed/prep_data_wav722.npz
./preprocessed/prep_data_txt723.npz,./preprocessed/prep_data_wav723.npz
./preprocessed/prep_data_txt724.npz,./preprocessed/prep_data_wav724.npz
./preprocessed/prep_data_txt725.npz,./preprocessed/prep_data_wav725.npz
./preprocessed/prep_data_txt726.npz,./preprocessed/prep_data_wav726.npz
./preprocessed/prep_data_txt727.npz,./preprocessed/prep_data_wav727.npz
./preprocessed/prep_data_txt728.npz,./preprocessed/prep_data_wav728.npz
./preprocessed/prep_data_txt729.npz,./preprocessed/prep_data_wav729.npz
./preprocessed/prep_data_txt730.npz,./preprocessed/prep_data_wav730.npz
./preprocessed/prep_data_txt731.npz,./preprocessed/prep_data_wav731.npz
./preprocessed/prep_data_txt732.npz,./preprocessed/prep_data_wav732.npz
./preprocessed/prep_data_txt733.npz,./preprocessed/prep_data_wav733.npz
./preprocessed/prep_data_txt734.npz,./preprocessed/prep_data_wav734.npz
./preprocessed/prep_data_txt735.npz,./preprocessed/prep_data_wav735.npz
./preprocessed/prep_data_txt736.npz,./preprocessed/prep_data_wav736.npz
./preprocessed/prep_data_txt737.npz,./preprocessed/prep_data_wav737.npz
./preprocessed/prep_data_txt738.npz,./preprocessed/prep_data_wav738.npz
./preprocessed/prep_data_txt739.npz,./preprocessed/prep_data_wav739.npz
./preprocessed/prep_data_txt740.npz,./preprocessed/prep_data_wav740.npz
./preprocessed/prep_data_txt741.npz,./preprocessed/prep_data_wav741.npz
./preprocessed/prep_data_txt742.npz,./preprocessed/prep_data_wav742.npz
./preprocessed/prep_data_txt743.npz,./preprocessed/prep_data_wav743.npz
./preprocessed/prep_data_txt744.npz,./preprocessed/prep_data_wav744.npz
./preprocessed/prep_data_txt745.npz,./preprocessed/prep_data_wav745.npz
./preprocessed/prep_data_txt746.npz,./preprocessed/prep_data_wav746.npz
./preprocessed/prep_data_txt747.npz,./preprocessed/prep_data_wav747.npz
./preprocessed/prep_data_txt748.npz,./preprocessed/prep_data_wav748.npz
./preprocessed/prep_data_txt749.npz,./preprocessed/prep_data_wav749.npz
./preprocessed/prep_data_txt750.npz,./preprocessed/prep_data_wav750.npz
./preprocessed/prep_data_txt751.npz,./preprocessed/prep_data_wav751.npz
./preprocessed/prep_data_txt752.npz,./preprocessed/prep_data_wav752.npz
./preprocessed/prep_data_txt753.npz,./preprocessed/prep_data_wav753.npz
./preprocessed/prep_data_txt754.npz,./preprocessed/prep_data_wav754.npz
./preprocessed/prep_data_txt755.npz,./preprocessed/prep_data_wav755.npz
./preprocessed/prep_data_txt756.npz,./preprocessed/prep_data_wav756.npz
./preprocessed/prep_data_txt757.npz,./preprocessed/prep_data_wav757.npz
./preprocessed/prep_data_txt758.npz,./preprocessed/prep_data_wav758.npz
./preprocessed/prep_data_txt759.npz,./preprocessed/prep_data_wav759.npz
./preprocessed/prep_data_txt760.npz,./preprocessed/prep_data_wav760.npz
./preprocessed/prep_data_txt761.npz,./preprocessed/prep_data_wav761.npz
./preprocessed/prep_data_txt762.npz,./preprocessed/prep_data_wav762.npz
./preprocessed/prep_data_txt763.npz,./preprocessed/prep_data_wav763.npz
./preprocessed/prep_data_txt764.npz,./preprocessed/prep_data_wav764.npz
./preprocessed/prep_data_txt765.npz,./preprocessed/prep_data_wav765.npz
./preprocessed/prep_data_txt766.npz,./preprocessed/prep_data_wav766.npz
./preprocessed/prep_data_txt767.npz,./preprocessed/prep_data_wav767.npz
./preprocessed/prep_data_txt768.npz,./preprocessed/prep_data_wav768.npz
./preprocessed/prep_data_txt769.npz,./preprocessed/prep_data_wav769.npz
./preprocessed/prep_data_txt770.npz,./preprocessed/prep_data_wav770.npz
./preprocessed/prep_data_txt771.npz,./preprocessed/prep_data_wav771.npz
./preprocessed/prep_data_txt772.npz,./preprocessed/prep_data_wav772.npz
./preprocessed/prep_data_txt773.npz,./preprocessed/prep_data_wav773.npz
./preprocessed/prep_data_txt774.npz,./preprocessed/prep_data_wav774.npz
./preprocessed/prep_data_txt775.npz,./preprocessed/prep_data_wav775.npz
./preprocessed/prep_data_txt776.npz,./preprocessed/prep_data_wav776.npz
./preprocessed/prep_data_txt777.npz,./preprocessed/prep_data_wav777.npz
./preprocessed/prep_data_txt778.npz,./preprocessed/prep_data_wav778.npz
./preprocessed/prep_data_txt779.npz,./preprocessed/prep_data_wav779.npz
./preprocessed/prep_data_txt780.npz,./preprocessed/prep_data_wav780.npz
./preprocessed/prep_data_txt781.npz,./preprocessed/prep_data_wav781.npz
./preprocessed/prep_data_txt782.npz,./preprocessed/prep_data_wav782.npz
./preprocessed/prep_data_txt783.npz,./preprocessed/prep_data_wav783.npz
./preprocessed/prep_data_txt784.npz,./preprocessed/prep_data_wav784.npz
./preprocessed/prep_data_txt785.npz,./preprocessed/prep_data_wav785.npz
./preprocessed/prep_data_txt786.npz,./preprocessed/prep_data_wav786.npz
./preprocessed/prep_data_txt787.npz,./preprocessed/prep_data_wav787.npz
./preprocessed/prep_data_txt788.npz,./preprocessed/prep_data_wav788.npz
./preprocessed/prep_data_txt789.npz,./preprocessed/prep_data_wav789.npz
./preprocessed/prep_data_txt790.npz,./preprocessed/prep_data_wav790.npz
./preprocessed/prep_data_txt791.npz,./preprocessed/prep_data_wav791.npz
./preprocessed/prep_data_txt792.npz,./preprocessed/prep_data_wav792.npz
./preprocessed/prep_data_txt793.npz,./preprocessed/prep_data_wav793.npz
./preprocessed/prep_data_txt794.npz,./preprocessed/prep_data_wav794.npz
./preprocessed/prep_data_txt795.npz,./preprocessed/prep_data_wav795.npz
./preprocessed/prep_data_txt796.npz,./preprocessed/prep_data_wav796.npz
./preprocessed/prep_data_txt797.npz,./preprocessed/prep_data_wav797.npz
./preprocessed/prep_data_txt798.npz,./preprocessed/prep_data_wav798.npz
./preprocessed/prep_data_txt799.npz,./preprocessed/prep_data_wav799.npz
./preprocessed/prep_data_txt800.npz,./preprocessed/prep_data_wav800.npz
./preprocessed/prep_data_txt801.npz,./preprocessed/prep_data_wav801.npz
./preprocessed/prep_data_txt802.npz,./preprocessed/prep_data_wav802.npz
./preprocessed/prep_data_txt803.npz,./preprocessed/prep_data_wav803.npz
./preprocessed/prep_data_txt804.npz,./preprocessed/prep_data_wav804.npz
./preprocessed/prep_data_txt805.npz,./preprocessed/prep_data_wav805.npz
./preprocessed/prep_data_txt806.npz,./preprocessed/prep_data_wav806.npz
./preprocessed/prep_data_txt807.npz,./preprocessed/prep_data_wav807.npz
./preprocessed/prep_data_txt808.npz,./preprocessed/prep_data_wav808.npz
./preprocessed/prep_data_txt809.npz,./preprocessed/prep_data_wav809.npz
./preprocessed/prep_data_txt810.npz,./preprocessed/prep_data_wav810.npz
./preprocessed/prep_data_txt811.npz,./preprocessed/prep_data_wav811.npz
./preprocessed/prep_data_txt812.npz,./preprocessed/prep_data_wav812.npz
./preprocessed/prep_data_txt813.npz,./preprocessed/prep_data_wav813.npz
./preprocessed/prep_data_txt814.npz,./preprocessed/prep_data_wav814.npz
./preprocessed/prep_data_txt815.npz,./preprocessed/prep_data_wav815.npz
./preprocessed/prep_data_txt816.npz,./preprocessed/prep_data_wav816.npz
./preprocessed/prep_data_txt817.npz,./preprocessed/prep_data_wav817.npz
./preprocessed/prep_data_txt818.npz,./preprocessed/prep_data_wav818.npz
./preprocessed/prep_data_txt819.npz,./preprocessed/prep_data_wav819.npz
./preprocessed/prep_data_txt820.npz,./preprocessed/prep_data_wav820.npz
./preprocessed/prep_data_txt821.npz,./preprocessed/prep_data_wav821.npz
./preprocessed/prep_data_txt822.npz,./preprocessed/prep_data_wav822.npz
./preprocessed/prep_data_txt823.npz,./preprocessed/prep_data_wav823.npz
./preprocessed/prep_data_txt824.npz,./preprocessed/prep_data_wav824.npz
./preprocessed/prep_data_txt825.npz,./preprocessed/prep_data_wav825.npz
./preprocessed/prep_data_txt826.npz,./preprocessed/prep_data_wav826.npz
./preprocessed/prep_data_txt827.npz,./preprocessed/prep_data_wav827.npz
./preprocessed/prep_data_txt828.npz,./preprocessed/prep_data_wav828.npz
./preprocessed/prep_data_txt829.npz,./preprocessed/prep_data_wav829.npz
./preprocessed/prep_data_txt830.npz,./preprocessed/prep_data_wav830.npz
./preprocessed/prep_data_txt831.npz,./preprocessed/prep_data_wav831.npz
./preprocessed/prep_data_txt832.npz,./preprocessed/prep_data_wav832.npz
./preprocessed/prep_data_txt833.npz,./preprocessed/prep_data_wav833.npz
./preprocessed/prep_data_txt834.npz,./preprocessed/prep_data_wav834.npz
./preprocessed/prep_data_txt835.npz,./preprocessed/prep_data_wav835.npz
./preprocessed/prep_data_txt836.npz,./preprocessed/prep_data_wav836.npz
./preprocessed/prep_data_txt837.npz,./preprocessed/prep_data_wav837.npz
./preprocessed/prep_data_txt838.npz,./preprocessed/prep_data_wav838.npz
./preprocessed/prep_data_txt839.npz,./preprocessed/prep_data_wav839.npz
./preprocessed/prep_data_txt840.npz,./preprocessed/prep_data_wav840.npz
./preprocessed/prep_data_txt841.npz,./preprocessed/prep_data_wav841.npz
./preprocessed/prep_data_txt842.npz,./preprocessed/prep_data_wav842.npz
./preprocessed/prep_data_txt843.npz,./preprocessed/prep_data_wav843.npz
./preprocessed/prep_data_txt844.npz,./preprocessed/prep_data_wav844.npz
./preprocessed/prep_data_txt845.npz,./preprocessed/prep_data_wav845.npz
./preprocessed/prep_data_txt846.npz,./preprocessed/prep_data_wav846.npz
./preprocessed/prep_data_txt847.npz,./preprocessed/prep_data_wav847.npz
./preprocessed/prep_data_txt848.npz,./preprocessed/prep_data_wav848.npz
./preprocessed/prep_data_txt849.npz,./preprocessed/prep_data_wav849.npz
./preprocessed/prep_data_txt850.npz,./preprocessed/prep_data_wav850.npz
./preprocessed/prep_data_txt851.npz,./preprocessed/prep_data_wav851.npz
./preprocessed/prep_data_txt852.npz,./preprocessed/prep_data_wav852.npz
./preprocessed/prep_data_txt853.npz,./preprocessed/prep_data_wav853.npz
./preprocessed/prep_data_txt854.npz,./preprocessed/prep_data_wav854.npz
./preprocessed/prep_data_txt855.npz,./preprocessed/prep_data_wav855.npz
./preprocessed/prep_data_txt856.npz,./preprocessed/prep_data_wav856.npz
./preprocessed/prep_data_txt857.npz,./preprocessed/prep_data_wav857.npz
./preprocessed/prep_data_txt858.npz,./preprocessed/prep_data_wav858.npz
./preprocessed/prep_data_txt859.npz,./preprocessed/prep_data_wav859.npz
./preprocessed/prep_data_txt860.npz,./preprocessed/prep_data_wav860.npz
./preprocessed/prep_data_txt861.npz,./preprocessed/prep_data_wav861.npz
./preprocessed/prep_data_txt862.npz,./preprocessed/prep_data_wav862.npz
./preprocessed/prep_data_txt863.npz,./preprocessed/prep_data_wav863.npz
./preprocessed/prep_data_txt864.npz,./preprocessed/prep_data_wav864.npz
./preprocessed/prep_data_txt865.npz,./preprocessed/prep_data_wav865.npz
./preprocessed/prep_data_txt866.npz,./preprocessed/prep_data_wav866.npz
./preprocessed/prep_data_txt867.npz,./preprocessed/prep_data_wav867.npz
./preprocessed/prep_data_txt868.npz,./preprocessed/prep_data_wav868.npz
./preprocessed/prep_data_txt869.npz,./preprocessed/prep_data_wav869.npz
./preprocessed/prep_data_txt870.npz,./preprocessed/prep_data_wav870.npz
./preprocessed/prep_data_txt871.npz,./preprocessed/prep_data_wav871.npz
./preprocessed/prep_data_txt872.npz,./preprocessed/prep_data_wav872.npz
./preprocessed/prep_data_txt873.npz,./preprocessed/prep_data_wav873.npz
./preprocessed/prep_data_txt874.npz,./preprocessed/prep_data_wav874.npz
./preprocessed/prep_data_txt875.npz,./preprocessed/prep_data_wav875.npz
./preprocessed/prep_data_txt876.npz,./preprocessed/prep_data_wav876.npz
./preprocessed/prep_data_txt877.npz,./preprocessed/prep_data_wav877.npz
./preprocessed/prep_data_txt878.npz,./preprocessed/prep_data_wav878.npz
./preprocessed/prep_data_txt879.npz,./preprocessed/prep_data_wav879.npz
./preprocessed/prep_data_txt880.npz,./preprocessed/prep_data_wav880.npz
./preprocessed/prep_data_txt881.npz,./preprocessed/prep_data_wav881.npz
./preprocessed/prep_data_txt882.npz,./preprocessed/prep_data_wav882.npz
./preprocessed/prep_data_txt883.npz,./preprocessed/prep_data_wav883.npz
./preprocessed/prep_data_txt884.npz,./preprocessed/prep_data_wav884.npz
./preprocessed/prep_data_txt885.npz,./preprocessed/prep_data_wav885.npz
./preprocessed/prep_data_txt886.npz,./preprocessed/prep_data_wav886.npz
./preprocessed/prep_data_txt887.npz,./preprocessed/prep_data_wav887.npz
./preprocessed/prep_data_txt888.npz,./preprocessed/prep_data_wav888.npz
./preprocessed/prep_data_txt889.npz,./preprocessed/prep_data_wav889.npz
./preprocessed/prep_data_txt890.npz,./preprocessed/prep_data_wav890.npz
./preprocessed/prep_data_txt891.npz,./preprocessed/prep_data_wav891.npz
./preprocessed/prep_data_txt892.npz,./preprocessed/prep_data_wav892.npz
./preprocessed/prep_data_txt893.npz,./preprocessed/prep_data_wav893.npz
./preprocessed/prep_data_txt894.npz,./preprocessed/prep_data_wav894.npz
./preprocessed/prep_data_txt895.npz,./preprocessed/prep_data_wav895.npz
./preprocessed/prep_data_txt896.npz,./preprocessed/prep_data_wav896.npz
./preprocessed/prep_data_txt897.npz,./preprocessed/prep_data_wav897.npz
./preprocessed/prep_data_txt898.npz,./preprocessed/prep_data_wav898.npz
./preprocessed/prep_data_txt899.npz,./preprocessed/prep_data_wav899.npz
./preprocessed/prep_data_txt900.npz,./preprocessed/prep_data_wav900.npz
./preprocessed/prep_data_txt901.npz,./preprocessed/prep_data_wav901.npz
./preprocessed/prep_data_txt902.npz,./preprocessed/prep_data_wav902.npz
./preprocessed/prep_data_txt903.npz,./preprocessed/prep_data_wav903.npz
./preprocessed/prep_data_txt904.npz,./preprocessed/prep_data_wav904.npz
./preprocessed/prep_data_txt905.npz,./preprocessed/prep_data_wav905.npz
./preprocessed/prep_data_txt906.npz,./preprocessed/prep_data_wav906.npz
./preprocessed/prep_data_txt907.npz,./preprocessed/prep_data_wav907.npz
./preprocessed/prep_data_txt908.npz,./preprocessed/prep_data_wav908.npz
./preprocessed/prep_data_txt909.npz,./preprocessed/prep_data_wav909.npz
./preprocessed/prep_data_txt910.npz,./preprocessed/prep_data_wav910.npz
./preprocessed/prep_data_txt911.npz,./preprocessed/prep_data_wav911.npz
./preprocessed/prep_data_txt912.npz,./preprocessed/prep_data_wav912.npz
./preprocessed/prep_data_txt913.npz,./preprocessed/prep_data_wav913.npz
./preprocessed/prep_data_txt914.npz,./preprocessed/prep_data_wav914.npz
./preprocessed/prep_data_txt915.npz,./preprocessed/prep_data_wav915.npz
./preprocessed/prep_data_txt916.npz,./preprocessed/prep_data_wav916.npz
./preprocessed/prep_data_txt917.npz,./preprocessed/prep_data_wav917.npz
./preprocessed/prep_data_txt918.npz,./preprocessed/prep_data_wav918.npz
./preprocessed/prep_data_txt919.npz,./preprocessed/prep_data_wav919.npz
./preprocessed/prep_data_txt920.npz,./preprocessed/prep_data_wav920.npz
./preprocessed/prep_data_txt921.npz,./preprocessed/prep_data_wav921.npz
./preprocessed/prep_data_txt922.npz,./preprocessed/prep_data_wav922.npz
./preprocessed/prep_data_txt923.npz,./preprocessed/prep_data_wav923.npz
./preprocessed/prep_data_txt924.npz,./preprocessed/prep_data_wav924.npz
./preprocessed/prep_data_txt925.npz,./preprocessed/prep_data_wav925.npz
./preprocessed/prep_data_txt926.npz,./preprocessed/prep_data_wav926.npz
./preprocessed/prep_data_txt927.npz,./preprocessed/prep_data_wav927.npz
./preprocessed/prep_data_txt928.npz,./preprocessed/prep_data_wav928.npz
./preprocessed/prep_data_txt929.npz,./preprocessed/prep_data_wav929.npz
./preprocessed/prep_data_txt930.npz,./preprocessed/prep_data_wav930.npz
./preprocessed/prep_data_txt931.npz,./preprocessed/prep_data_wav931.npz
./preprocessed/prep_data_txt932.npz,./preprocessed/prep_data_wav932.npz
./preprocessed/prep_data_txt933.npz,./preprocessed/prep_data_wav933.npz
./preprocessed/prep_data_txt934.npz,./preprocessed/prep_data_wav934.npz
./preprocessed/prep_data_txt935.npz,./preprocessed/prep_data_wav935.npz
./preprocessed/prep_data_txt936.npz,./preprocessed/prep_data_wav936.npz
./preprocessed/prep_data_txt937.npz,./preprocessed/prep_data_wav937.npz
./preprocessed/prep_data_txt938.npz,./preprocessed/prep_data_wav938.npz
./preprocessed/prep_data_txt939.npz,./preprocessed/prep_data_wav939.npz
./preprocessed/prep_data_txt940.npz,./preprocessed/prep_data_wav940.npz
./preprocessed/prep_data_txt941.npz,./preprocessed/prep_data_wav941.npz
./preprocessed/prep_data_txt942.npz,./preprocessed/prep_data_wav942.npz
./preprocessed/prep_data_txt943.npz,./preprocessed/prep_data_wav943.npz
./preprocessed/prep_data_txt944.npz,./preprocessed/prep_data_wav944.npz
./preprocessed/prep_data_txt945.npz,./preprocessed/prep_data_wav945.npz
./preprocessed/prep_data_txt946.npz,./preprocessed/prep_data_wav946.npz
./preprocessed/prep_data_txt947.npz,./preprocessed/prep_data_wav947.npz
./preprocessed/prep_data_txt948.npz,./preprocessed/prep_data_wav948.npz
./preprocessed/prep_data_txt949.npz,./preprocessed/prep_data_wav949.npz
./preprocessed/prep_data_txt950.npz,./preprocessed/prep_data_wav950.npz
./preprocessed/prep_data_txt951.npz,./preprocessed/prep_data_wav951.npz
./preprocessed/prep_data_txt952.npz,./preprocessed/prep_data_wav952.npz
./preprocessed/prep_data_txt953.npz,./preprocessed/prep_data_wav953.npz
./preprocessed/prep_data_txt954.npz,./preprocessed/prep_data_wav954.npz
./preprocessed/prep_data_txt955.npz,./preprocessed/prep_data_wav955.npz
./preprocessed/prep_data_txt956.npz,./preprocessed/prep_data_wav956.npz
./preprocessed/prep_data_txt957.npz,./preprocessed/prep_data_wav957.npz
./preprocessed/prep_data_txt958.npz,./preprocessed/prep_data_wav958.npz
./preprocessed/prep_data_txt959.npz,./preprocessed/prep_data_wav959.npz
./preprocessed/prep_data_txt960.npz,./preprocessed/prep_data_wav960.npz
./preprocessed/prep_data_txt961.npz,./preprocessed/prep_data_wav961.npz
./preprocessed/prep_data_txt962.npz,./preprocessed/prep_data_wav962.npz
./preprocessed/prep_data_txt963.npz,./preprocessed/prep_data_wav963.npz
./preprocessed/prep_data_txt964.npz,./preprocessed/prep_data_wav964.npz
./preprocessed/prep_data_txt965.npz,./preprocessed/prep_data_wav965.npz
./preprocessed/prep_data_txt966.npz,./preprocessed/prep_data_wav966.npz
./preprocessed/prep_data_txt967.npz,./preprocessed/prep_data_wav967.npz
./preprocessed/prep_data_txt968.npz,./preprocessed/prep_data_wav968.npz
./preprocessed/prep_data_txt969.npz,./preprocessed/prep_data_wav969.npz
./preprocessed/prep_data_txt970.npz,./preprocessed/prep_data_wav970.npz
./preprocessed/prep_data_txt971.npz,./preprocessed/prep_data_wav971.npz
./preprocessed/prep_data_txt972.npz,./preprocessed/prep_data_wav972.npz
./preprocessed/prep_data_txt973.npz,./preprocessed/prep_data_wav973.npz
./preprocessed/prep_data_txt974.npz,./preprocessed/prep_data_wav974.npz
./preprocessed/prep_data_txt975.npz,./preprocessed/prep_data_wav975.npz
./preprocessed/prep_data_txt976.npz,./preprocessed/prep_data_wav976.npz
./preprocessed/prep_data_txt977.npz,./preprocessed/prep_data_wav977.npz
./preprocessed/prep_data_txt978.npz,./preprocessed/prep_data_wav978.npz
./preprocessed/prep_data_txt979.npz,./preprocessed/prep_data_wav979.npz
./preprocessed/prep_data_txt980.npz,./preprocessed/prep_data_wav980.npz
./preprocessed/prep_data_txt981.npz,./preprocessed/prep_data_wav981.npz
./preprocessed/prep_data_txt982.npz,./preprocessed/prep_data_wav982.npz
./preprocessed/prep_data_txt983.npz,./preprocessed/prep_data_wav983.npz
./preprocessed/prep_data_txt984.npz,./preprocessed/prep_data_wav984.npz
./preprocessed/prep_data_txt985.npz,./preprocessed/prep_data_wav985.npz
./preprocessed/prep_data_txt986.npz,./preprocessed/prep_data_wav986.npz
./preprocessed/prep_data_txt987.npz,./preprocessed/prep_data_wav987.npz
./preprocessed/prep_data_txt988.npz,./preprocessed/prep_data_wav988.npz
./preprocessed/prep_data_txt989.npz,./preprocessed/prep_data_wav989.npz
./preprocessed/prep_data_txt990.npz,./preprocessed/prep_data_wav990.npz
./preprocessed/prep_data_txt991.npz,./preprocessed/prep_data_wav991.npz
./preprocessed/prep_data_txt992.npz,./preprocessed/prep_data_wav992.npz
./preprocessed/prep_data_txt993.npz,./preprocessed/prep_data_wav993.npz
./preprocessed/prep_data_txt994.npz,./preprocessed/prep_data_wav994.npz
./preprocessed/prep_data_txt995.npz,./preprocessed/prep_data_wav995.npz
./preprocessed/prep_data_txt996.npz,./preprocessed/prep_data_wav996.npz
./preprocessed/prep_data_txt997.npz,./preprocessed/prep_data_wav997.npz
./preprocessed/prep_data_txt998.npz,./preprocessed/prep_data_wav998.npz
./preprocessed/prep_data_txt999.npz,./preprocessed/prep_data_wav999.npz
./preprocessed/prep_data_txt1000.npz,./preprocessed/prep_data_wav1000.npz
./preprocessed/prep_data_txt1001.npz,./preprocessed/prep_data_wav1001.npz
./preprocessed/prep_data_txt1002.npz,./preprocessed/prep_data_wav1002.npz
./preprocessed/prep_data_txt1003.npz,./preprocessed/prep_data_wav1003.npz
./preprocessed/prep_data_txt1004.npz,./preprocessed/prep_data_wav1004.npz
./preprocessed/prep_data_txt1005.npz,./preprocessed/prep_data_wav1005.npz
./preprocessed/prep_data_txt1006.npz,./preprocessed/prep_data_wav1006.npz
./preprocessed/prep_data_txt1007.npz,./preprocessed/prep_data_wav1007.npz
./preprocessed/prep_data_txt1008.npz,./preprocessed/prep_data_wav1008.npz
./preprocessed/prep_data_txt1009.npz,./preprocessed/prep_data_wav1009.npz
./preprocessed/prep_data_txt1010.npz,./preprocessed/prep_data_wav1010.npz
./preprocessed/prep_data_txt1011.npz,./preprocessed/prep_data_wav1011.npz
./preprocessed/prep_data_txt1012.npz,./preprocessed/prep_data_wav1012.npz
./preprocessed/prep_data_txt1013.npz,./preprocessed/prep_data_wav1013.npz
./preprocessed/prep_data_txt1014.npz,./preprocessed/prep_data_wav1014.npz
./preprocessed/prep_data_txt1015.npz,./preprocessed/prep_data_wav1015.npz
./preprocessed/prep_data_txt1016.npz,./preprocessed/prep_data_wav1016.npz
./preprocessed/prep_data_txt1017.npz,./preprocessed/prep_data_wav1017.npz
./preprocessed/prep_data_txt1018.npz,./preprocessed/prep_data_wav1018.npz
./preprocessed/prep_data_txt1019.npz,./preprocessed/prep_data_wav1019.npz
./preprocessed/prep_data_txt1020.npz,./preprocessed/prep_data_wav1020.npz
./preprocessed/prep_data_txt1021.npz,./preprocessed/prep_data_wav1021.npz
./preprocessed/prep_data_txt1022.npz,./preprocessed/prep_data_wav1022.npz
./preprocessed/prep_data_txt1023.npz,./preprocessed/prep_data_wav1023.npz
./preprocessed/prep_data_txt1024.npz,./preprocessed/prep_data_wav1024.npz
./preprocessed/prep_data_txt1025.npz,./preprocessed/prep_data_wav1025.npz
./preprocessed/prep_data_txt1026.npz,./preprocessed/prep_data_wav1026.npz
./preprocessed/prep_data_txt1027.npz,./preprocessed/prep_data_wav1027.npz
./preprocessed/prep_data_txt1028.npz,./preprocessed/prep_data_wav1028.npz
./preprocessed/prep_data_txt1029.npz,./preprocessed/prep_data_wav1029.npz
./preprocessed/prep_data_txt1030.npz,./preprocessed/prep_data_wav1030.npz
./preprocessed/prep_data_txt1031.npz,./preprocessed/prep_data_wav1031.npz
./preprocessed/prep_data_txt1032.npz,./preprocessed/prep_data_wav1032.npz
./preprocessed/prep_data_txt1033.npz,./preprocessed/prep_data_wav1033.npz
./preprocessed/prep_data_txt1034.npz,./preprocessed/prep_data_wav1034.npz
./preprocessed/prep_data_txt1035.npz,./preprocessed/prep_data_wav1035.npz
./preprocessed/prep_data_txt1036.npz,./preprocessed/prep_data_wav1036.npz
./preprocessed/prep_data_txt1037.npz,./preprocessed/prep_data_wav1037.npz
./preprocessed/prep_data_txt1038.npz,./preprocessed/prep_data_wav1038.npz
./preprocessed/prep_data_txt1039.npz,./preprocessed/prep_data_wav1039.npz
./preprocessed/prep_data_txt1040.npz,./preprocessed/prep_data_wav1040.npz
./preprocessed/prep_data_txt1041.npz,./preprocessed/prep_data_wav1041.npz
./preprocessed/prep_data_txt1042.npz,./preprocessed/prep_data_wav1042.npz
./preprocessed/prep_data_txt1043.npz,./preprocessed/prep_data_wav1043.npz
./preprocessed/prep_data_txt1044.npz,./preprocessed/prep_data_wav1044.npz
./preprocessed/prep_data_txt1045.npz,./preprocessed/prep_data_wav1045.npz
./preprocessed/prep_data_txt1046.npz,./preprocessed/prep_data_wav1046.npz
./preprocessed/prep_data_txt1047.npz,./preprocessed/prep_data_wav1047.npz
./preprocessed/prep_data_txt1048.npz,./preprocessed/prep_data_wav1048.npz
./preprocessed/prep_data_txt1049.npz,./preprocessed/prep_data_wav1049.npz
./preprocessed/prep_data_txt1050.npz,./preprocessed/prep_data_wav1050.npz
./preprocessed/prep_data_txt1051.npz,./preprocessed/prep_data_wav1051.npz
./preprocessed/prep_data_txt1052.npz,./preprocessed/prep_data_wav1052.npz
./preprocessed/prep_data_txt1053.npz,./preprocessed/prep_data_wav1053.npz
./preprocessed/prep_data_txt1054.npz,./preprocessed/prep_data_wav1054.npz
./preprocessed/prep_data_txt1055.npz,./preprocessed/prep_data_wav1055.npz
./preprocessed/prep_data_txt1056.npz,./preprocessed/prep_data_wav1056.npz
./preprocessed/prep_data_txt1057.npz,./preprocessed/prep_data_wav1057.npz
./preprocessed/prep_data_txt1058.npz,./preprocessed/prep_data_wav1058.npz
./preprocessed/prep_data_txt1059.npz,./preprocessed/prep_data_wav1059.npz
./preprocessed/prep_data_txt1060.npz,./preprocessed/prep_data_wav1060.npz
./preprocessed/prep_data_txt1061.npz,./preprocessed/prep_data_wav1061.npz
./preprocessed/prep_data_txt1062.npz,./preprocessed/prep_data_wav1062.npz
./preprocessed/prep_data_txt1063.npz,./preprocessed/prep_data_wav1063.npz
./preprocessed/prep_data_txt1064.npz,./preprocessed/prep_data_wav1064.npz
./preprocessed/prep_data_txt1065.npz,./preprocessed/prep_data_wav1065.npz
./preprocessed/prep_data_txt1066.npz,./preprocessed/prep_data_wav1066.npz
./preprocessed/prep_data_txt1067.npz,./preprocessed/prep_data_wav1067.npz
./preprocessed/prep_data_txt1068.npz,./preprocessed/prep_data_wav1068.npz
./preprocessed/prep_data_txt1069.npz,./preprocessed/prep_data_wav1069.npz
./preprocessed/prep_data_txt1070.npz,./preprocessed/prep_data_wav1070.npz
./preprocessed/prep_data_txt1071.npz,./preprocessed/prep_data_wav1071.npz
./preprocessed/prep_data_txt1072.npz,./preprocessed/prep_data_wav1072.npz
./preprocessed/prep_data_txt1073.npz,./preprocessed/prep_data_wav1073.npz
./preprocessed/prep_data_txt1074.npz,./preprocessed/prep_data_wav1074.npz
./preprocessed/prep_data_txt1075.npz,./preprocessed/prep_data_wav1075.npz
./preprocessed/prep_data_txt1076.npz,./preprocessed/prep_data_wav1076.npz
./preprocessed/prep_data_txt1077.npz,./preprocessed/prep_data_wav1077.npz
./preprocessed/prep_data_txt1078.npz,./preprocessed/prep_data_wav1078.npz
./preprocessed/prep_data_txt1079.npz,./preprocessed/prep_data_wav1079.npz
./preprocessed/prep_data_txt1080.npz,./preprocessed/prep_data_wav1080.npz
./preprocessed/prep_data_txt1081.npz,./preprocessed/prep_data_wav1081.npz
./preprocessed/prep_data_txt1082.npz,./preprocessed/prep_data_wav1082.npz
./preprocessed/prep_data_txt1083.npz,./preprocessed/prep_data_wav1083.npz
./preprocessed/prep_data_txt1084.npz,./preprocessed/prep_data_wav1084.npz
./preprocessed/prep_data_txt1085.npz,./preprocessed/prep_data_wav1085.npz
./preprocessed/prep_data_txt1086.npz,./preprocessed/prep_data_wav1086.npz
./preprocessed/prep_data_txt1087.npz,./preprocessed/prep_data_wav1087.npz
./preprocessed/prep_data_txt1088.npz,./preprocessed/prep_data_wav1088.npz
./preprocessed/prep_data_txt1089.npz,./preprocessed/prep_data_wav1089.npz
./preprocessed/prep_data_txt1090.npz,./preprocessed/prep_data_wav1090.npz
./preprocessed/prep_data_txt1091.npz,./preprocessed/prep_data_wav1091.npz
./preprocessed/prep_data_txt1092.npz,./preprocessed/prep_data_wav1092.npz
./preprocessed/prep_data_txt1093.npz,./preprocessed/prep_data_wav1093.npz
./preprocessed/prep_data_txt1094.npz,./preprocessed/prep_data_wav1094.npz
./preprocessed/prep_data_txt1095.npz,./preprocessed/prep_data_wav1095.npz
./preprocessed/prep_data_txt1096.npz,./preprocessed/prep_data_wav1096.npz
./preprocessed/prep_data_txt1097.npz,./preprocessed/prep_data_wav1097.npz
./preprocessed/prep_data_txt1098.npz,./preprocessed/prep_data_wav1098.npz
./preprocessed/prep_data_txt1099.npz,./preprocessed/prep_data_wav1099.npz
